Category,Pickup Date
Storskrald,Fredag den 17-01-2025
Storskrald,Fredag den 14-02-2025
Storskrald,Fredag den 14-03-2025
Storskrald,Fredag den 11-04-2025
Storskrald,Fredag den 09-05-2025
Storskrald,Fredag den 06-06-2025
Storskrald,Fredag den 04-07-2025
Storskrald,Fredag den 01-08-2025
Storskrald,Fredag den 29-08-2025
Storskrald,Fredag den 26-09-2025
Storskrald,Fredag den 24-10-2025
Storskrald,Fredag den 21-11-2025
Storskrald,Fredag den 19-12-2025
Storskrald,Fredag den 16-01-2026
Storskrald,Fredag den 13-02-2026
Storskrald,Fredag den 13-03-2026
Storskrald,Fredag den 10-04-2026
Storskrald,Fredag den 08-05-2026
Storskrald,Fredag den 05-06-2026
Storskrald,Fredag den 03-07-2026
Storskrald,Fredag den 31-07-2026
Storskrald,Fredag den 28-08-2026
Storskrald,Fredag den 25-09-2026
Storskrald,Fredag den 23-10-2026
Storskrald,Fredag den 20-11-2026
Storskrald,Fredag den 18-12-2026
Haveaffald,Fredag den 10-01-2025
Haveaffald,Fredag den 24-01-2025
Haveaffald,Fredag den 07-02-2025
Haveaffald,Fredag den 21-02-2025
Haveaffald,Fredag den 07-03-2025
Haveaffald,Fredag den 21-03-2025
Haveaffald,Fredag den 04-04-2025
Haveaffald,Fredag den 18-04-2025
Haveaffald,Fredag den 02-05-2025
Haveaffald,Fredag den 16-05-2025
Haveaffald,Fredag den 30-05-2025
Haveaffald,Fredag den 13-06-2025
Haveaffald,Fredag den 27-06-2025
Haveaffald,Fredag den 11-07-2025
Haveaffald,Fredag den 25-07-2025
Haveaffald,Fredag den 08-08-2025
Haveaffald,Fredag den 22-08-2025
Haveaffald,Fredag den 05-09-2025
Haveaffald,Fredag den 19-09-2025
Haveaffald,Fredag den 03-10-2025
Haveaffald,Fredag den 17-10-2025
Haveaffald,Fredag den 31-10-2025
Haveaffald,Fredag den 14-11-2025
Haveaffald,Fredag den 28-11-2025
Haveaffald,Fredag den 12-12-2025
Haveaffald,Fredag den 26-12-2025
Glas-Papir,Fredag den 17-01-2025
Glas-Papir,Fredag den 14-02-2025
Glas-Papir,Fredag den 14-03-2025
Glas-Papir,Fredag den 11-04-2025
Glas-Papir,Fredag den 09-05-2025
Glas-Papir,Fredag den 06-06-2025
Glas-Papir,Fredag den 04-07-2025
Glas-Papir,Fredag den 01-08-2025
Glas-Papir,Fredag den 29-08-2025
Glas-Papir,Fredag den 26-09-2025
Glas-Papir,Fredag den 24-10-2025
Glas-Papir,Fredag den 21-11-2025
Glas-Papir,Fredag den 19-12-2025
Metal-Plast,Fredag den 03-01-2025
Metal-Plast,Fredag den 24-01-2025
Metal-Plast,Fredag den 14-02-2025
Metal-Plast,Fredag den 07-03-2025
Metal-Plast,Fredag den 28-03-2025
Metal-Plast,Fredag den 18-04-2025
Metal-Plast,Fredag den 09-05-2025
Metal-Plast,Fredag den 30-05-2025
Metal-Plast,Fredag den 20-06-2025
Metal-Plast,Fredag den 11-07-2025
Metal-Plast,Fredag den 01-08-2025
Metal-Plast,Fredag den 22-08-2025
Metal-Plast,Fredag den 12-09-2025
Metal-Plast,Fredag den 03-10-2025
Metal-Plast,Fredag den 24-10-2025
Metal-Plast,Fredag den 14-11-2025
Metal-Plast,Fredag den 05-12-2025
Metal-Plast,Fredag den 26-12-2025
Miljøboks,Fredag den 17-01-2025
Miljøboks,Fredag den 14-02-2025
Miljøboks,Fredag den 14-03-2025
Miljøboks,Fredag den 11-04-2025
Miljøboks,Fredag den 09-05-2025
Miljøboks,Fredag den 06-06-2025
Miljøboks,Fredag den 04-07-2025
Miljøboks,Fredag den 01-08-2025
Miljøboks,Fredag den 29-08-2025
Miljøboks,Fredag den 26-09-2025
Miljøboks,Fredag den 24-10-2025
Miljøboks,Fredag den 21-11-2025
Miljøboks,Fredag den 19-12-2025
Restaffald,Tirsdag den 07-01-2025
Restaffald,Tirsdag den 14-01-2025
Restaffald,Tirsdag den 21-01-2025
Restaffald,Tirsdag den 28-01-2025
Restaffald,Tirsdag den 04-02-2025
Restaffald,Tirsdag den 11-02-2025
Restaffald,Tirsdag den 18-02-2025
Restaffald,Tirsdag den 25-02-2025
Restaffald,Tirsdag den 04-03-2025
Restaffald,Tirsdag den 11-03-2025
Restaffald,Tirsdag den 18-03-2025
Restaffald,Tirsdag den 25-03-2025
Restaffald,Tirsdag den 01-04-2025
Restaffald,Tirsdag den 08-04-2025
Restaffald,Tirsdag den 15-04-2025
Restaffald,Tirsdag den 22-04-2025
Restaffald,Tirsdag den 29-04-2025
Restaffald,Tirsdag den 06-05-2025
Restaffald,Tirsdag den 13-05-2025
Restaffald,Tirsdag den 20-05-2025
Restaffald,Tirsdag den 27-05-2025
Restaffald,Tirsdag den 03-06-2025
Restaffald,Tirsdag den 10-06-2025
Restaffald,Tirsdag den 17-06-2025
Restaffald,Tirsdag den 24-06-2025
Restaffald,Tirsdag den 01-07-2025
Restaffald,Tirsdag den 08-07-2025
Restaffald,Tirsdag den 15-07-2025
Restaffald,Tirsdag den 22-07-2025
Restaffald,Tirsdag den 29-07-2025
Restaffald,Tirsdag den 05-08-2025
Restaffald,Tirsdag den 12-08-2025
Restaffald,Tirsdag den 19-08-2025
Restaffald,Tirsdag den 26-08-2025
Restaffald,Tirsdag den 02-09-2025
Restaffald,Tirsdag den 09-09-2025
Restaffald,Tirsdag den 16-09-2025
Restaffald,Tirsdag den 23-09-2025
Restaffald,Tirsdag den 30-09-2025
Restaffald,Tirsdag den 07-10-2025
Restaffald,Tirsdag den 14-10-2025
Restaffald,Tirsdag den 21-10-2025
Restaffald,Tirsdag den 28-10-2025
Restaffald,Tirsdag den 04-11-2025
Restaffald,Tirsdag den 11-11-2025
Restaffald,Tirsdag den 18-11-2025
Restaffald,Tirsdag den 25-11-2025
Restaffald,Tirsdag den 02-12-2025
Restaffald,Tirsdag den 09-12-2025
Restaffald,Tirsdag den 16-12-2025
Restaffald,Tirsdag den 23-12-2025
Restaffald,Tirsdag den 30-12-2025
Storskrald-Pap,Fredag den 17-01-2025
Storskrald-Pap,Fredag den 14-02-2025
Storskrald-Pap,Fredag den 14-03-2025
Storskrald-Pap,Fredag den 11-04-2025
Storskrald-Pap,Fredag den 09-05-2025
Storskrald-Pap,Fredag den 06-06-2025
Storskrald-Pap,Fredag den 04-07-2025
Storskrald-Pap,Fredag den 01-08-2025
Storskrald-Pap,Fredag den 29-08-2025
Storskrald-Pap,Fredag den 26-09-2025
Storskrald-Pap,Fredag den 24-10-2025
Storskrald-Pap,Fredag den 21-11-2025
Storskrald-Pap,Fredag den 19-12-2025
Pap,Fredag den 17-01-2025
Pap,Fredag den 14-02-2025
Pap,Fredag den 14-03-2025
Pap,Fredag den 11-04-2025
Pap,Fredag den 09-05-2025
Pap,Fredag den 06-06-2025
Pap,Fredag den 04-07-2025
Pap,Fredag den 01-08-2025
Pap,Fredag den 29-08-2025
Pap,Fredag den 26-09-2025
Pap,Fredag den 24-10-2025
Pap,Fredag den 21-11-2025
Pap,Fredag den 19-12-2025
